,Domain,Phylum,Class,Order,Family,Genus,Species
OUT1,NB,Small,1,Non-Bitter,Less-bitter,Alphas2,11
OUT2,NB,Medium,1,Non-Bitter,Less-bitter,Alphas2,5
OUT3,NB,Small,0,Non-Bitter,Less-bitter,Alphas2,12
OUT4,B,Small,1,Non-Bitter,Less-bitter,Alphas2,7
OUT5,B,Small,1,Non-Bitter,More-Bitter,Alphas2,11
OUT6,B,Medium,5,Bitter,Less-bitter,Beta,7
OUT7,NB,Small,0,Non-Bitter,Less-bitter,Alphas1,6
OUT8,B,Medium,2,Non-Bitter,Less-bitter,Alphas2,7
OUT9,B,Medium,2,Non-Bitter,Less-bitter,Alphas2,12
OUT10,B,Medium,2,Non-Bitter,Less-bitter,Alphas2,11
OUT11,B,Medium,2,Non-Bitter,Less-bitter,Alphas2,4
OUT12,B,Medium,2,Non-Bitter,More-Bitter,Alphas2,12
OUT13,B,Medium,2,Non-Bitter,Less-bitter,Alphas2,10
OUT14,B,Medium,3,Non-Bitter,Less-bitter,Alphas2,7
OUT15,B,Small,2,Bitter,Less-bitter,Alphas1,14
OUT16,B,Small,2,Bitter,Less-bitter,Alphas1,14
OUT17,B,Small,2,Bitter,Less-bitter,Alphas1,14
OUT18,B,Medium,2,Bitter,Less-bitter,Alphas1,14
OUT19,B,Medium,2,Bitter,Less-bitter,Alphas1,14
OUT20,B,Medium,2,Bitter,More-Bitter,Alphas1,12
OUT21,B,Medium,2,Bitter,Less-bitter,Alphas1,11
OUT22,B,Medium,3,Bitter,More-Bitter,Beta,4
OUT23,B,Medium,4,Bitter,More-Bitter,Beta,5
OUT24,B,Medium,4,Bitter,More-Bitter,Beta,10
OUT25,B,Medium,5,Bitter,More-Bitter,Beta,5
OUT26,B,Medium,5,Bitter,More-Bitter,Beta,9
OUT27,B,Medium,5,Bitter,More-Bitter,Beta,9
OUT28,B,Medium,5,Bitter,More-Bitter,Beta,6
OUT29,B,Medium,5,Bitter,More-Bitter,Beta,5
OUT30,B,Medium,5,Bitter,Less-bitter,Beta,5
OUT31,I,Medium,3,Non-Bitter,Less-bitter,Alphas1,11
OUT32,NB,Medium,3,Non-Bitter,Less-bitter,Alphas1,8
OUT33,NB,Medium,1,Non-Bitter,More-Bitter,Other,4
OUT34,NB,Medium,1,Non-Bitter,Less-bitter,Alphas1,4
OUT35,B,Medium,4,Bitter,More-Bitter,Beta,10
OUT36,I,Medium,5,Bitter,Less-bitter,Beta,7
OUT37,NB,Small,2,Non-Bitter,Less-bitter,Kappa,14
OUT38,I,Small,2,Non-Bitter,Less-bitter,Kappa,14
OUT39,NB,Medium,2,Non-Bitter,Less-bitter,Kappa,12
OUT40,B,Medium,2,Bitter,Less-bitter,Other,4
OUT41,I,Medium,2,Non-Bitter,Less-bitter,Other,4
OUT42,I,Medium,2,Non-Bitter,Less-bitter,Other,4
OUT43,NB,Medium,2,Non-Bitter,Less-bitter,Other,5
OUT44,B,Small,2,Bitter,Less-bitter,Alphas2,13
OUT45,I,Medium,2,Non-Bitter,Less-bitter,Alphas2,6
OUT46,I,Medium,2,Bitter,Less-bitter,Alphas2,14
OUT47,B,Small,2,Non-Bitter,Less-bitter,Beta,14
OUT48,B,Medium,3,Non-Bitter,Less-bitter,Beta,14
OUT49,B,Medium,3,Non-Bitter,Less-bitter,Beta,4
OUT50,B,Medium,3,Non-Bitter,Less-bitter,Beta,9
OUT51,B,Medium,3,Non-Bitter,More-Bitter,Beta,8
OUT52,B,Medium,3,Non-Bitter,Less-bitter,Beta,7
OUT53,B,Medium,3,Non-Bitter,More-Bitter,Beta,4
OUT54,NB,Medium,1,Non-Bitter,Less-bitter,Kappa,8
OUT55,B,Small,1,Non-Bitter,Less-bitter,Alphas1,14
OUT56,I,Small,1,Non-Bitter,Less-bitter,Alphas1,14
OUT57,NB,Medium,1,Bitter,Less-bitter,Beta,11
OUT58,B,Medium,1,Bitter,Less-bitter,Beta,14
OUT59,I,Medium,1,Bitter,Less-bitter,Beta,8
OUT60,NB,Medium,1,Bitter,Less-bitter,Beta,9
OUT61,NB,Small,0,Non-Bitter,Less-bitter,Alphas1,10
OUT62,NB,Medium,0,Non-Bitter,Less-bitter,Alphas1,5
OUT63,NB,Small,0,Non-Bitter,Less-bitter,Alphas1,14
OUT64,I,Small,2,Non-Bitter,Less-bitter,Alphas1,14
OUT65,NB,Medium,2,Non-Bitter,Less-bitter,Alphas1,14
OUT66,NB,Medium,2,Non-Bitter,Less-bitter,Alphas1,14
OUT67,NB,Medium,2,Non-Bitter,Less-bitter,Alphas1,10
OUT68,B,Small,1,Non-Bitter,Less-bitter,Kappa,9
OUT69,B,Medium,1,Non-Bitter,Less-bitter,Kappa,6
OUT70,B,Small,1,Bitter,Less-bitter,Beta,14
OUT71,B,Small,1,Bitter,Less-bitter,Beta,8
OUT72,B,Small,1,Bitter,Less-bitter,Beta,9
OUT73,I,Medium,1,Bitter,Less-bitter,Beta,4
OUT74,NB,Medium,1,Bitter,Less-bitter,Beta,4
OUT75,NB,Medium,1,Bitter,Less-bitter,Beta,5
OUT76,NB,Medium,1,Bitter,More-Bitter,Beta,6
OUT77,B,Medium,5,Bitter,Less-bitter,Beta,4
OUT78,B,Medium,0,Bitter,Less-bitter,Other,5
OUT79,I,Small,1,Bitter,Less-bitter,Beta,14
OUT80,B,Small,1,Bitter,Less-bitter,Beta,14
OUT81,NB,Medium,0,Non-Bitter,Less-bitter,Alphas1,9
OUT82,NB,Medium,0,Non-Bitter,Less-bitter,Alphas1,5
OUT83,B,Medium,1,Non-Bitter,Less-bitter,Beta,11
OUT84,B,Medium,2,Non-Bitter,Less-bitter,Beta,14
OUT85,B,Medium,2,Non-Bitter,Less-bitter,Beta,10
OUT86,B,Medium,2,Non-Bitter,More-Bitter,Beta,11
OUT87,B,Medium,2,Non-Bitter,More-Bitter,Beta,6
OUT88,B,Medium,2,Non-Bitter,More-Bitter,Beta,11
OUT89,B,Medium,2,Non-Bitter,More-Bitter,Beta,9
OUT90,B,Large,6,Non-Bitter,More-Bitter,Beta,7
OUT91,B,Large,6,Non-Bitter,Less-bitter,Beta,4
OUT92,NB,Small,1,Non-Bitter,Less-bitter,Alphas1,14
OUT93,B,Small,1,Non-Bitter,Less-bitter,Alphas1,14
OUT94,NB,Medium,1,Non-Bitter,Less-bitter,Alphas1,14
OUT95,B,Medium,1,Non-Bitter,Less-bitter,Alphas1,14
OUT96,B,Medium,1,Non-Bitter,Less-bitter,Alphas1,12
OUT97,B,Medium,1,Bitter,Less-bitter,Alphas1,9
OUT98,I,Medium,1,Bitter,More-Bitter,Alphas1,5
OUT99,B,Medium,1,Bitter,More-Bitter,Alphas1,9
OUT100,B,Medium,5,Bitter,More-Bitter,Beta,8
OUT101,B,Medium,5,Bitter,Less-bitter,Beta,6
OUT102,NB,Medium,1,Bitter,Less-bitter,Beta,7
OUT103,I,Medium,1,Bitter,Less-bitter,Beta,14
OUT104,NB,Medium,1,Bitter,Less-bitter,Beta,7
OUT105,NB,Medium,1,Bitter,Less-bitter,Beta,6
OUT106,NB,Small,0,Non-Bitter,Less-bitter,Alphas1,7
OUT107,NB,Small,0,Non-Bitter,More-Bitter,Alphas1,8
OUT108,NB,Medium,0,Bitter,Less-bitter,Other,7
OUT109,NB,Small,1,Non-Bitter,Less-bitter,Alphas1,10
OUT110,I,Medium,1,Non-Bitter,Less-bitter,Alphas1,9
OUT111,NB,Medium,1,Non-Bitter,Less-bitter,Alphas1,12
OUT112,I,Medium,1,Non-Bitter,Less-bitter,Alphas1,13
OUT113,B,Medium,1,Non-Bitter,Less-bitter,Alphas1,10
OUT114,I,Medium,1,Bitter,More-Bitter,Alphas1,8
OUT115,I,Medium,1,Bitter,Less-bitter,Alphas1,8
OUT116,NB,Small,1,Bitter,Less-bitter,Beta,8
OUT117,NB,Medium,1,Bitter,Less-bitter,Beta,11
OUT118,NB,Medium,1,Non-Bitter,More-Bitter,Beta,4
OUT119,NB,Medium,1,Bitter,More-Bitter,Beta,5
OUT120,NB,Medium,1,Bitter,Less-bitter,Beta,4
OUT121,B,Small,0,Bitter,Less-bitter,Other,8
OUT122,NB,Small,1,Non-Bitter,Less-bitter,Alphas1,5
OUT123,NB,Medium,1,Non-Bitter,Less-bitter,Alphas1,5
OUT124,NB,Medium,1,Non-Bitter,Less-bitter,Alphas1,14
OUT125,NB,Medium,1,Non-Bitter,Less-bitter,Alphas1,9
OUT126,NB,Medium,1,Non-Bitter,More-Bitter,Alphas1,4
OUT127,NB,Medium,1,Non-Bitter,More-Bitter,Alphas1,4
OUT128,NB,Medium,0,Non-Bitter,More-Bitter,Beta,4
OUT129,NB,Medium,1,Non-Bitter,More-Bitter,Beta,8
OUT130,NB,Medium,1,Bitter,Less-bitter,Beta,5
OUT131,NB,Medium,0,Non-Bitter,Less-bitter,Alphas2,7
OUT132,NB,Small,0,Bitter,Less-bitter,Beta,6
OUT133,B,Medium,2,Bitter,More-Bitter,Other,12
OUT134,B,Medium,2,Bitter,Less-bitter,Other,7
OUT135,NB,Small,1,Bitter,Less-bitter,Beta,12
OUT136,I,Medium,1,Bitter,Less-bitter,Beta,12
OUT137,I,Small,1,Bitter,Less-bitter,Beta,13
OUT138,B,Medium,1,Bitter,Less-bitter,Beta,14
OUT139,B,Medium,1,Bitter,Less-bitter,Beta,9
OUT140,NB,Medium,1,Bitter,Less-bitter,Beta,7
OUT141,NB,Medium,1,Bitter,Less-bitter,Beta,4
OUT142,NB,Medium,0,Non-Bitter,Less-bitter,Alphas1,10
OUT143,NB,Medium,0,Non-Bitter,Less-bitter,Alphas1,6
OUT144,B,Small,2,Bitter,Less-bitter,Beta,14
OUT145,B,Small,2,Bitter,More-Bitter,Beta,7
OUT146,B,Medium,3,Bitter,Less-bitter,Beta,13
OUT147,B,Medium,3,Bitter,Less-bitter,Beta,6
OUT148,B,Medium,3,Bitter,More-Bitter,Beta,10
OUT149,B,Medium,4,Bitter,More-Bitter,Beta,14
OUT150,B,Medium,4,Bitter,More-Bitter,Beta,7
OUT151,B,Medium,4,Bitter,More-Bitter,Beta,14
OUT152,B,Medium,4,Bitter,More-Bitter,Beta,13
OUT153,B,Medium,4,Bitter,More-Bitter,Beta,11
OUT154,B,Medium,4,Bitter,More-Bitter,Beta,5
OUT155,B,Medium,4,Bitter,More-Bitter,Beta,14
OUT156,B,Medium,4,Bitter,More-Bitter,Beta,13
OUT157,B,Medium,4,Bitter,More-Bitter,Beta,12
OUT158,B,Medium,4,Bitter,More-Bitter,Beta,9
OUT159,B,Medium,4,Bitter,More-Bitter,Beta,10
OUT160,B,Medium,4,Bitter,More-Bitter,Beta,12
OUT161,B,Medium,4,Bitter,Less-bitter,Beta,7
OUT162,B,Small,2,Non-Bitter,Less-bitter,Beta,9
OUT163,B,Medium,2,Non-Bitter,Less-bitter,Beta,12
OUT164,B,Small,0,Bitter,Less-bitter,Alphas1,14
OUT165,B,Small,0,Bitter,Less-bitter,Alphas1,5
OUT166,NB,Medium,1,Bitter,Less-bitter,Alphas1,9
OUT167,NB,Small,1,Bitter,Less-bitter,Alphas1,11
OUT168,NB,Medium,1,Bitter,Less-bitter,Alphas1,14
OUT169,B,Small,2,Bitter,Less-bitter,Beta,8
OUT170,B,Small,2,Bitter,Less-bitter,Beta,9
OUT171,B,Medium,3,Bitter,Less-bitter,Beta,9
OUT172,B,Medium,3,Bitter,Less-bitter,Beta,10
OUT173,B,Medium,4,Bitter,Less-bitter,Beta,13
OUT174,B,Medium,4,Bitter,Less-bitter,Beta,9
OUT175,NB,Medium,0,Bitter,Less-bitter,Alphas2,10
OUT176,NB,Medium,0,Non-Bitter,Less-bitter,Beta,4
OUT177,NB,Medium,1,Non-Bitter,More-Bitter,Beta,8
OUT178,NB,Medium,1,Bitter,More-Bitter,Beta,7
OUT179,NB,Medium,1,Bitter,More-Bitter,Beta,7
OUT180,NB,Medium,1,Bitter,Less-bitter,Beta,5
OUT181,B,Small,0,Non-Bitter,Less-bitter,Alphas1,13
OUT182,B,Medium,0,Bitter,Less-bitter,Alphas1,5
OUT183,I,Medium,0,Bitter,Less-bitter,Alphas1,8
OUT184,B,Medium,0,Bitter,Less-bitter,Alphas1,12
OUT185,B,Medium,0,Bitter,Less-bitter,Alphas1,10
OUT186,I,Small,0,Non-Bitter,Less-bitter,Alphas2,7
OUT187,NB,Medium,0,Non-Bitter,Less-bitter,Alphas2,9
OUT188,NB,Medium,0,Non-Bitter,Less-bitter,Alphas2,7
OUT189,NB,Small,0,Non-Bitter,Less-bitter,Alphas1,12
OUT190,NB,Medium,0,Bitter,Less-bitter,Alphas1,13
OUT191,I,Medium,0,Bitter,Less-bitter,Alphas1,11
OUT192,B,Small,1,Non-Bitter,More-Bitter,Alphas2,5
OUT193,B,Medium,4,Bitter,Less-bitter,Beta,7
OUT194,NB,Small,0,Bitter,Less-bitter,Alphas1,4
OUT195,NB,Medium,0,Bitter,Less-bitter,Alphas1,5
OUT196,B,Medium,0,Bitter,More-Bitter,Alphas2,9
OUT197,B,Medium,0,Non-Bitter,Less-bitter,Alphas2,7
OUT198,B,Medium,2,Bitter,Less-bitter,Beta,5
OUT199,B,Small,1,Non-Bitter,Less-bitter,Beta,14
OUT200,B,Small,1,Non-Bitter,Less-bitter,Beta,7
OUT201,B,Small,0,Non-Bitter,Less-bitter,Other,4
OUT202,B,Small,1,Bitter,Less-bitter,Alphas1,8
OUT203,B,Small,1,Bitter,Less-bitter,Alphas1,9
OUT204,B,Medium,1,Bitter,Less-bitter,Alphas1,5
OUT205,B,Small,3,Bitter,More-Bitter,Beta,14
OUT206,B,Small,3,Bitter,Less-bitter,Beta,14
OUT207,B,Small,3,Bitter,Less-bitter,Beta,12
OUT208,B,Small,2,Non-Bitter,Less-bitter,Beta,14
OUT209,B,Small,2,Bitter,Less-bitter,Beta,8
OUT210,B,Small,3,Bitter,Less-bitter,Beta,14
OUT211,B,Medium,3,Bitter,More-Bitter,Beta,12
OUT212,B,Medium,3,Bitter,More-Bitter,Beta,9
OUT213,B,Medium,3,Bitter,More-Bitter,Beta,9
OUT214,B,Medium,3,Bitter,More-Bitter,Beta,7
OUT215,B,Medium,3,Bitter,Less-bitter,Beta,7
OUT216,B,Small,2,Bitter,Less-bitter,Beta,14
OUT217,NB,Medium,0,Non-Bitter,Less-bitter,Beta,4
OUT218,NB,Medium,0,Non-Bitter,Less-bitter,Beta,9
OUT219,NB,Medium,0,Non-Bitter,Less-bitter,Beta,5
OUT220,NB,Medium,0,Non-Bitter,More-Bitter,Beta,10
OUT221,NB,Medium,1,Non-Bitter,More-Bitter,Beta,11
OUT222,NB,Medium,1,Bitter,More-Bitter,Beta,13
OUT223,NB,Medium,1,Bitter,More-Bitter,Beta,8
OUT224,NB,Medium,1,Bitter,More-Bitter,Beta,5
OUT225,NB,Large,1,Bitter,Less-bitter,Beta,7
OUT226,B,Small,2,Non-Bitter,Less-bitter,Alphas1,8
OUT227,I,Medium,2,Non-Bitter,Less-bitter,Alphas1,14
OUT228,NB,Medium,2,Non-Bitter,Less-bitter,Alphas1,12
OUT229,NB,Medium,2,Non-Bitter,Less-bitter,Alphas1,4
OUT230,NB,Medium,2,Non-Bitter,More-Bitter,Alphas1,13
OUT231,NB,Medium,2,Non-Bitter,More-Bitter,Alphas1,6
OUT232,NB,Medium,3,Non-Bitter,More-Bitter,Alphas1,11
OUT233,NB,Medium,3,Non-Bitter,Less-bitter,Alphas1,9
OUT234,B,Small,0,Non-Bitter,Less-bitter,Kappa,8
OUT235,B,Medium,1,Non-Bitter,More-Bitter,Kappa,10
OUT236,B,Medium,1,Non-Bitter,Less-bitter,Kappa,6
OUT237,B,Small,2,Bitter,Less-bitter,Alphas1,14
OUT238,B,Small,2,Bitter,Less-bitter,Alphas1,12
OUT239,B,Medium,2,Bitter,More-Bitter,Alphas1,8
OUT240,B,Medium,2,Bitter,Less-bitter,Alphas1,13
OUT241,B,Medium,2,Bitter,Less-bitter,Alphas1,13
OUT242,B,Medium,2,Bitter,More-Bitter,Alphas1,12
OUT243,B,Medium,2,Bitter,More-Bitter,Alphas1,14
OUT244,B,Medium,2,Bitter,More-Bitter,Alphas1,10
OUT245,B,Medium,2,Bitter,More-Bitter,Alphas1,13
OUT246,B,Medium,2,Bitter,More-Bitter,Alphas1,13
OUT247,B,Medium,2,Bitter,More-Bitter,Alphas1,13
OUT248,B,Medium,2,Bitter,More-Bitter,Alphas1,13
OUT249,B,Medium,2,Bitter,More-Bitter,Alphas1,10
OUT250,B,Medium,2,Bitter,More-Bitter,Alphas1,10
OUT251,B,Medium,2,Bitter,More-Bitter,Alphas1,5
OUT252,NB,Large,2,Bitter,Less-bitter,Alphas1,4
OUT253,NB,Small,0,Non-Bitter,More-Bitter,Alphas1,11
OUT254,NB,Medium,0,Non-Bitter,More-Bitter,Alphas1,10
OUT255,NB,Medium,0,Non-Bitter,Less-bitter,Alphas1,6
OUT256,NB,Small,1,Non-Bitter,Less-bitter,Alphas1,5
OUT257,NB,Medium,1,Non-Bitter,Less-bitter,Alphas1,9
OUT258,NB,Medium,1,Non-Bitter,Less-bitter,Alphas1,7
OUT259,I,Medium,1,Non-Bitter,More-Bitter,Alphas1,6
OUT260,B,Medium,2,Non-Bitter,Less-bitter,Other,9
OUT261,B,Small,2,Bitter,Less-bitter,Alphas2,14
OUT262,B,Medium,2,Bitter,Less-bitter,Alphas2,13
OUT263,B,Medium,2,Bitter,Less-bitter,Alphas2,12
OUT264,B,Medium,2,Bitter,Less-bitter,Alphas2,14
OUT265,B,Medium,2,Bitter,Less-bitter,Alphas2,14
OUT266,B,Medium,2,Bitter,Less-bitter,Alphas2,14
OUT267,B,Small,2,Bitter,Less-bitter,Beta,10
OUT268,B,Small,3,Bitter,Less-bitter,Beta,11
OUT269,B,Small,3,Bitter,Less-bitter,Beta,13
OUT270,B,Medium,3,Bitter,Less-bitter,Beta,8
OUT271,B,Medium,3,Bitter,Less-bitter,Beta,11
OUT272,NB,Medium,1,Non-Bitter,Less-bitter,Alphas1,10
OUT273,NB,Small,0,Non-Bitter,Less-bitter,Beta,12
OUT274,NB,Small,0,Non-Bitter,Less-bitter,Beta,6
OUT275,NB,Medium,1,Non-Bitter,Less-bitter,Beta,7
OUT276,NB,Medium,1,Non-Bitter,More-Bitter,Beta,7
OUT277,B,Medium,5,Bitter,Less-bitter,Beta,5
OUT278,I,Small,0,Bitter,Less-bitter,Alphas1,14
OUT279,B,Small,0,Bitter,Less-bitter,Alphas1,12
OUT280,NB,Medium,1,Non-Bitter,Less-bitter,Alphas1,8
OUT281,NB,Medium,1,Non-Bitter,Less-bitter,Alphas1,4
OUT282,B,Medium,3,Bitter,More-Bitter,Beta,11
OUT283,B,Medium,4,Bitter,More-Bitter,Beta,8
OUT284,B,Medium,4,Bitter,More-Bitter,Beta,5
OUT285,B,Medium,4,Bitter,More-Bitter,Beta,11
OUT286,B,Medium,4,Bitter,More-Bitter,Beta,10
OUT287,B,Medium,4,Bitter,More-Bitter,Beta,4
OUT288,B,Medium,4,Bitter,More-Bitter,Beta,5
OUT289,B,Medium,4,Bitter,Less-bitter,Beta,7
OUT290,B,Small,2,Non-Bitter,Less-bitter,Beta,14
OUT291,B,Small,2,Non-Bitter,Less-bitter,Beta,14
OUT292,B,Small,2,Non-Bitter,Less-bitter,Kappa,10
OUT293,B,Medium,2,Non-Bitter,Less-bitter,Kappa,9
OUT294,I,Small,1,Bitter,Less-bitter,Alphas1,14
OUT295,NB,Small,1,Bitter,Less-bitter,Alphas1,13
OUT296,NB,Medium,2,Non-Bitter,Less-bitter,Alphas1,11
OUT297,NB,Medium,1,Non-Bitter,Less-bitter,Alphas1,8
OUT298,NB,Medium,1,Non-Bitter,Less-bitter,Alphas1,4
OUT299,B,Medium,4,Non-Bitter,Less-bitter,Beta,14
OUT300,B,Medium,4,Non-Bitter,Less-bitter,Beta,9
OUT301,B,Medium,4,Non-Bitter,More-Bitter,Beta,12
OUT302,B,Medium,6,Non-Bitter,More-Bitter,Beta,6
OUT303,B,Medium,6,Non-Bitter,More-Bitter,Beta,8
OUT304,B,Medium,6,Non-Bitter,More-Bitter,Beta,8
OUT305,B,Medium,6,Non-Bitter,More-Bitter,Beta,8
OUT306,B,Medium,6,Non-Bitter,Less-bitter,Beta,6
OUT307,B,Small,1,Non-Bitter,Less-bitter,Kappa,4
OUT308,NB,Small,0,Non-Bitter,Less-bitter,Beta,9
OUT309,NB,Medium,0,Non-Bitter,Less-bitter,Beta,13
OUT310,NB,Medium,0,Non-Bitter,More-Bitter,Beta,5
OUT311,NB,Medium,0,Non-Bitter,More-Bitter,Beta,8
OUT312,NB,Medium,1,Non-Bitter,More-Bitter,Beta,12
OUT313,NB,Medium,1,Bitter,More-Bitter,Beta,12
OUT314,NB,Medium,1,Bitter,More-Bitter,Beta,7
OUT315,NB,Large,1,Bitter,Less-bitter,Beta,4
OUT316,B,Small,2,Non-Bitter,Less-bitter,Kappa,4
OUT317,NB,Small,0,Non-Bitter,Less-bitter,Alphas1,6
OUT318,NB,Small,0,Bitter,Less-bitter,Alphas1,14
OUT319,B,Small,0,Bitter,Less-bitter,Alphas2,4
OUT320,B,Medium,0,Bitter,Less-bitter,Alphas2,7
OUT321,NB,Medium,0,Bitter,More-Bitter,Alphas2,4
OUT322,I,Medium,1,Non-Bitter,Less-bitter,Other,4
OUT323,B,Medium,0,Non-Bitter,Less-bitter,Beta,14
OUT324,NB,Medium,0,Non-Bitter,Less-bitter,Beta,6
OUT325,NB,Small,1,Non-Bitter,Less-bitter,Alphas2,6
OUT326,B,Small,2,Non-Bitter,Less-bitter,Alphas1,14
OUT327,B,Small,2,Non-Bitter,Less-bitter,Alphas1,14
OUT328,B,Small,2,Non-Bitter,Less-bitter,Alphas1,14
OUT329,I,Small,2,Non-Bitter,Less-bitter,Alphas1,14
OUT330,I,Medium,2,Non-Bitter,Less-bitter,Alphas1,6
OUT331,NB,Medium,2,Non-Bitter,Less-bitter,Alphas1,11
OUT332,NB,Medium,2,Non-Bitter,Less-bitter,Alphas1,7
OUT333,NB,Medium,2,Non-Bitter,Less-bitter,Alphas1,10
OUT334,NB,Medium,3,Non-Bitter,More-Bitter,Alphas1,4
OUT335,B,Medium,3,Non-Bitter,Less-bitter,Kappa,10
OUT336,B,Small,2,Non-Bitter,Less-bitter,Beta,14
OUT337,B,Small,3,Non-Bitter,Less-bitter,Beta,14
OUT338,B,Small,3,Non-Bitter,More-Bitter,Beta,14
OUT339,B,Medium,5,Non-Bitter,More-Bitter,Beta,14
OUT340,B,Medium,5,Bitter,More-Bitter,Beta,14
OUT341,B,Medium,5,Bitter,More-Bitter,Beta,7
OUT342,B,Medium,6,Bitter,More-Bitter,Beta,8
OUT343,B,Medium,6,Bitter,More-Bitter,Beta,11
OUT344,B,Medium,6,Bitter,More-Bitter,Beta,8
OUT345,B,Medium,6,Bitter,More-Bitter,Beta,12
OUT346,B,Medium,6,Bitter,More-Bitter,Beta,5
OUT347,B,Medium,6,Bitter,More-Bitter,Beta,6
OUT348,B,Medium,6,Bitter,More-Bitter,Beta,7
OUT349,B,Medium,6,Bitter,Less-bitter,Beta,4
OUT350,B,Small,1,Non-Bitter,Less-bitter,Other,7
OUT351,B,Small,1,Bitter,Less-bitter,Alphas2,4
OUT352,NB,Medium,1,Non-Bitter,Less-bitter,Alphas1,7
OUT353,I,Medium,1,Non-Bitter,Less-bitter,Alphas1,5
OUT354,B,Medium,2,Non-Bitter,Less-bitter,Alphas2,13
OUT355,B,Medium,2,Non-Bitter,Less-bitter,Alphas2,12
OUT356,B,Medium,2,Bitter,More-Bitter,Alphas2,5
OUT357,B,Medium,1,Bitter,Less-bitter,Kappa,8
OUT358,B,Small,0,Bitter,Less-bitter,Other,5
OUT359,NB,Medium,0,Bitter,Less-bitter,Other,11
OUT360,NB,Medium,0,Bitter,Less-bitter,Other,5
OUT361,NB,Medium,0,Bitter,Less-bitter,Other,4
OUT362,I,Medium,0,Bitter,Less-bitter,Alphas2,5
OUT363,B,Medium,0,Non-Bitter,Less-bitter,Beta,5
OUT364,I,Small,0,Non-Bitter,Less-bitter,Alphas2,8
OUT365,NB,Medium,0,Non-Bitter,Less-bitter,Alphas2,14
OUT366,B,Small,1,Non-Bitter,Less-bitter,Alphas2,11
OUT367,B,Medium,1,Non-Bitter,Less-bitter,Alphas2,14
OUT368,B,Medium,1,Non-Bitter,Less-bitter,Alphas2,14
OUT369,B,Medium,1,Non-Bitter,Less-bitter,Alphas2,14
OUT370,I,Medium,1,Bitter,More-Bitter,Alphas2,5
OUT371,B,Medium,2,Bitter,More-Bitter,Alphas2,7
OUT372,B,Medium,3,Bitter,Less-bitter,Alphas2,5
OUT373,NB,Medium,1,Non-Bitter,Less-bitter,Alphas1,12
OUT374,NB,Medium,1,Non-Bitter,Less-bitter,Alphas1,14
OUT375,NB,Medium,1,Non-Bitter,Less-bitter,Alphas1,11
OUT376,NB,Medium,1,Non-Bitter,Less-bitter,Alphas1,6
OUT377,NB,Medium,1,Bitter,Less-bitter,Alphas1,12
OUT378,NB,Medium,0,Non-Bitter,Less-bitter,Alphas2,7
OUT379,B,Medium,2,Non-Bitter,Less-bitter,Alphas2,6
OUT380,B,Medium,2,Non-Bitter,More-Bitter,Alphas2,10
OUT381,B,Medium,2,Non-Bitter,More-Bitter,Alphas2,14
OUT382,B,Medium,2,Non-Bitter,More-Bitter,Alphas2,6
OUT383,B,Medium,2,Non-Bitter,More-Bitter,Alphas2,8
OUT384,B,Small,2,Non-Bitter,Less-bitter,Beta,8
OUT385,B,Small,2,Non-Bitter,Less-bitter,Beta,9
OUT386,B,Medium,3,Non-Bitter,Less-bitter,Beta,14
OUT387,B,Medium,3,Non-Bitter,Less-bitter,Beta,11
OUT388,B,Medium,3,Non-Bitter,More-Bitter,Beta,4
OUT389,B,Medium,3,Non-Bitter,More-Bitter,Beta,7
OUT390,B,Medium,3,Non-Bitter,More-Bitter,Beta,9
OUT391,B,Medium,3,Non-Bitter,More-Bitter,Beta,6
OUT392,B,Medium,3,Non-Bitter,Less-bitter,Beta,7
OUT393,NB,Small,0,Non-Bitter,Less-bitter,Alphas1,4
OUT394,NB,Medium,0,Non-Bitter,Less-bitter,Alphas1,12
OUT395,NB,Medium,0,Non-Bitter,Less-bitter,Alphas1,10
OUT396,NB,Medium,0,Non-Bitter,Less-bitter,Alphas1,10
OUT397,NB,Medium,0,Non-Bitter,Less-bitter,Alphas1,12
OUT398,NB,Medium,0,Non-Bitter,Less-bitter,Alphas1,9
OUT399,NB,Medium,0,Non-Bitter,Less-bitter,Alphas1,11
OUT400,NB,Small,1,Non-Bitter,Less-bitter,Alphas1,4
OUT401,NB,Medium,1,Non-Bitter,Less-bitter,Alphas1,5
OUT402,I,Medium,1,Non-Bitter,Less-bitter,Alphas1,10
OUT403,I,Medium,1,Non-Bitter,More-Bitter,Alphas1,13
OUT404,I,Medium,1,Bitter,More-Bitter,Alphas1,6
OUT405,NB,Medium,1,Bitter,More-Bitter,Alphas1,4
OUT406,I,Medium,1,Bitter,More-Bitter,Alphas1,10
OUT407,NB,Medium,0,Non-Bitter,More-Bitter,Alphas1,6
OUT408,B,Medium,4,Bitter,More-Bitter,Beta,10
OUT409,B,Medium,4,Bitter,More-Bitter,Beta,11
OUT410,B,Medium,4,Bitter,Less-bitter,Beta,6
OUT411,NB,Medium,1,Bitter,Less-bitter,Alphas1,12
OUT412,NB,Medium,1,Bitter,Less-bitter,Alphas1,8
OUT413,B,Small,1,Non-Bitter,Less-bitter,Alphas2,5
OUT414,NB,Medium,0,Non-Bitter,Less-bitter,Beta,9
OUT415,NB,Medium,0,Non-Bitter,Less-bitter,Beta,6
OUT416,NB,Medium,0,Non-Bitter,More-Bitter,Beta,8
OUT417,NB,Medium,1,Non-Bitter,More-Bitter,Beta,9
OUT418,NB,Medium,1,Bitter,More-Bitter,Beta,10
OUT419,NB,Medium,1,Bitter,More-Bitter,Beta,7
OUT420,I,Medium,1,Non-Bitter,Less-bitter,Alphas1,5
OUT421,I,Small,1,Bitter,Less-bitter,Alphas1,12
OUT422,B,Small,1,Non-Bitter,Less-bitter,Kappa,13
OUT423,NB,Medium,0,Non-Bitter,Less-bitter,Beta,5
OUT424,NB,Medium,0,Non-Bitter,More-Bitter,Beta,5
OUT425,NB,Medium,0,Non-Bitter,More-Bitter,Beta,13
OUT426,NB,Medium,1,Non-Bitter,More-Bitter,Beta,13
OUT427,NB,Large,1,Bitter,More-Bitter,Beta,12
OUT428,NB,Large,1,Bitter,More-Bitter,Beta,7
OUT429,NB,Large,1,Bitter,More-Bitter,Beta,4
OUT430,NB,Large,1,Bitter,More-Bitter,Beta,5
OUT431,NB,Large,1,Bitter,More-Bitter,Beta,6
OUT432,B,Medium,5,Bitter,Less-bitter,Beta,5
OUT433,I,Small,0,Bitter,More-Bitter,Alphas2,5
OUT434,NB,Medium,0,Non-Bitter,Less-bitter,Beta,4
OUT435,I,Small,0,Bitter,Less-bitter,Alphas2,5
OUT436,B,Small,1,Non-Bitter,Less-bitter,Alphas1,11
OUT437,B,Medium,1,Non-Bitter,Less-bitter,Alphas1,8
OUT438,B,Medium,1,Bitter,More-Bitter,Alphas1,5
OUT439,B,Medium,2,Bitter,Less-bitter,Alphas1,7
OUT440,B,Small,2,Non-Bitter,Less-bitter,Alphas2,14
OUT441,B,Small,2,Non-Bitter,Less-bitter,Alphas2,12
OUT442,B,Medium,2,Non-Bitter,More-Bitter,Alphas2,11
OUT443,B,Medium,2,Non-Bitter,More-Bitter,Alphas2,6
OUT444,B,Medium,3,Non-Bitter,More-Bitter,Alphas2,9
OUT445,B,Medium,3,Non-Bitter,Less-bitter,Alphas2,7
OUT446,B,Small,2,Non-Bitter,Less-bitter,Alphas2,14
OUT447,NB,Medium,0,Non-Bitter,Less-bitter,Alphas2,5
OUT448,NB,Medium,0,Non-Bitter,More-Bitter,Alphas2,9
OUT449,B,Medium,5,Bitter,Less-bitter,Beta,5
OUT450,B,Small,2,Non-Bitter,More-Bitter,Beta,14
OUT451,B,Small,2,Non-Bitter,Less-bitter,Beta,7
OUT452,B,Medium,4,Non-Bitter,Less-bitter,Beta,7
OUT453,B,Medium,2,Bitter,Less-bitter,Alphas1,10
OUT454,B,Small,1,Non-Bitter,Less-bitter,Alphas1,10
OUT455,B,Small,1,Bitter,Less-bitter,Alphas1,11
OUT456,B,Medium,1,Bitter,Less-bitter,Alphas1,6
OUT457,B,Medium,2,Bitter,Less-bitter,Alphas1,8
OUT458,B,Small,2,Bitter,Less-bitter,Beta,12
OUT459,B,Medium,2,Bitter,Less-bitter,Beta,7
OUT460,B,Small,1,Non-Bitter,Less-bitter,Alphas1,7
OUT461,NB,Small,1,Bitter,Less-bitter,Beta,14
OUT462,NB,Medium,1,Bitter,Less-bitter,Alphas1,11
OUT463,NB,Medium,1,Bitter,Less-bitter,Alphas1,7
OUT464,B,Small,0,Bitter,Less-bitter,Alphas1,9
OUT465,B,Small,0,Bitter,Less-bitter,Alphas1,10
OUT466,B,Medium,0,Bitter,Less-bitter,Alphas1,8
OUT467,B,Medium,0,Bitter,Less-bitter,Alphas1,4
OUT468,B,Small,2,Bitter,Less-bitter,Beta,5
OUT469,B,Small,2,Bitter,Less-bitter,Beta,12
OUT470,B,Small,3,Bitter,Less-bitter,Beta,10
OUT471,B,Medium,3,Bitter,Less-bitter,Beta,10
OUT472,B,Medium,3,Bitter,Less-bitter,Beta,8
OUT473,B,Medium,0,Bitter,Less-bitter,Alphas1,9
OUT474,B,Medium,0,Bitter,Less-bitter,Alphas1,9
OUT475,B,Medium,0,Bitter,More-Bitter,Alphas1,7
OUT476,B,Medium,1,Bitter,Less-bitter,Alphas1,4
OUT477,B,Small,2,Non-Bitter,Less-bitter,Beta,12
OUT478,B,Medium,2,Non-Bitter,Less-bitter,Beta,11
OUT479,B,Medium,2,Non-Bitter,More-Bitter,Beta,12
OUT480,B,Medium,3,Non-Bitter,Less-bitter,Beta,4
OUT481,NB,Medium,2,Non-Bitter,More-Bitter,Other,5
OUT482,B,Medium,4,Non-Bitter,More-Bitter,Beta,7
OUT483,B,Medium,6,Non-Bitter,More-Bitter,Beta,6
OUT484,B,Medium,6,Non-Bitter,Less-bitter,Beta,5
OUT485,B,Medium,2,Bitter,Less-bitter,Beta,6
OUT486,B,Medium,2,Bitter,More-Bitter,Beta,7
OUT487,B,Medium,4,Bitter,Less-bitter,Beta,6
OUT488,NB,Small,0,Non-Bitter,Less-bitter,Alphas2,8
OUT489,NB,Small,0,Bitter,Less-bitter,Alphas1,7
OUT490,I,Medium,0,Bitter,Less-bitter,Alphas1,9
OUT491,B,Small,0,Non-Bitter,Less-bitter,Alphas2,5
OUT492,NB,Medium,1,Bitter,Less-bitter,Other,5
OUT493,B,Small,1,Non-Bitter,Less-bitter,Alphas2,10
OUT494,B,Small,1,Non-Bitter,Less-bitter,Alphas2,12
OUT495,I,Medium,1,Non-Bitter,Less-bitter,Alphas2,14
OUT496,NB,Medium,1,Non-Bitter,Less-bitter,Alphas2,12
OUT497,NB,Medium,0,Bitter,Less-bitter,Alphas2,4
OUT498,NB,Medium,0,Bitter,Less-bitter,Alphas2,4
OUT499,NB,Medium,0,Bitter,Less-bitter,Alphas2,10
OUT500,B,Small,2,Non-Bitter,Less-bitter,Beta,13
OUT501,B,Small,2,Non-Bitter,Less-bitter,Beta,14
OUT502,B,Small,2,Non-Bitter,More-Bitter,Beta,14
OUT503,B,Medium,6,Non-Bitter,Less-bitter,Beta,4
OUT504,B,Small,1,Non-Bitter,Less-bitter,Other,7
OUT505,I,Small,1,Non-Bitter,Less-bitter,Alphas1,6
OUT506,NB,Medium,1,Non-Bitter,Less-bitter,Alphas1,4
OUT507,NB,Medium,1,Non-Bitter,Less-bitter,Alphas1,6
OUT508,I,Medium,1,Non-Bitter,Less-bitter,Alphas1,7
OUT509,B,Small,3,Non-Bitter,Less-bitter,Beta,14
OUT510,B,Small,3,Non-Bitter,Less-bitter,Beta,14
OUT511,B,Small,3,Non-Bitter,Less-bitter,Beta,13
OUT512,B,Medium,4,Non-Bitter,Less-bitter,Beta,11
OUT513,B,Medium,4,Non-Bitter,More-Bitter,Beta,11
OUT514,B,Medium,6,Non-Bitter,More-Bitter,Beta,6
OUT515,B,Medium,7,Non-Bitter,More-Bitter,Beta,4
OUT516,B,Medium,7,Non-Bitter,More-Bitter,Beta,4
OUT517,B,Medium,7,Non-Bitter,Less-bitter,Beta,8
OUT518,B,Small,1,Non-Bitter,Less-bitter,Alphas2,12
OUT519,B,Small,1,Non-Bitter,Less-bitter,Alphas2,10
OUT520,B,Small,3,Non-Bitter,Less-bitter,Beta,4
OUT521,B,Medium,4,Non-Bitter,More-Bitter,Beta,5
OUT522,B,Small,2,Non-Bitter,Less-bitter,Kappa,14
OUT523,B,Small,2,Non-Bitter,More-Bitter,Kappa,6
OUT524,B,Medium,3,Non-Bitter,Less-bitter,Kappa,5
OUT525,B,Small,1,Non-Bitter,Less-bitter,Beta,12
OUT526,B,Small,1,Bitter,Less-bitter,Beta,14
OUT527,NB,Medium,1,Non-Bitter,Less-bitter,Beta,4
OUT528,NB,Medium,1,Non-Bitter,More-Bitter,Beta,8
OUT529,B,Medium,6,Non-Bitter,Less-bitter,Beta,4
OUT530,B,Small,0,Non-Bitter,Less-bitter,Alphas1,9
OUT531,B,Small,0,Non-Bitter,Less-bitter,Alphas1,4
OUT532,NB,Small,0,Non-Bitter,Less-bitter,Alphas1,7
OUT533,NB,Medium,0,Non-Bitter,Less-bitter,Alphas1,8
OUT534,NB,Medium,0,Non-Bitter,Less-bitter,Alphas1,11
OUT535,NB,Medium,0,Non-Bitter,Less-bitter,Alphas1,6
OUT536,NB,Medium,0,Non-Bitter,Less-bitter,Alphas1,11
OUT537,I,Medium,2,Non-Bitter,Less-bitter,Beta,10
OUT538,I,Medium,2,Non-Bitter,More-Bitter,Beta,4
OUT539,B,Medium,5,Non-Bitter,Less-bitter,Beta,13
OUT540,B,Medium,1,Non-Bitter,Less-bitter,Kappa,5
OUT541,NB,Small,0,Bitter,Less-bitter,Beta,4
OUT542,I,Medium,1,Non-Bitter,Less-bitter,Beta,9
OUT543,B,Medium,1,Non-Bitter,Less-bitter,Beta,13
OUT544,B,Medium,2,Non-Bitter,Less-bitter,Beta,14
OUT545,B,Medium,2,Non-Bitter,More-Bitter,Beta,11
OUT546,B,Medium,2,Non-Bitter,More-Bitter,Beta,5
OUT547,B,Medium,2,Non-Bitter,More-Bitter,Beta,8
OUT548,B,Large,6,Non-Bitter,Less-bitter,Beta,6
OUT549,NB,Medium,0,Non-Bitter,Less-bitter,Alphas2,8
OUT550,NB,Small,0,Bitter,Less-bitter,Beta,12
OUT551,NB,Medium,0,Bitter,Less-bitter,Beta,12
OUT552,NB,Medium,0,Bitter,Less-bitter,Beta,7
OUT553,I,Medium,1,Non-Bitter,More-Bitter,Beta,12
OUT554,B,Medium,2,Non-Bitter,More-Bitter,Beta,8
OUT555,B,Medium,2,Non-Bitter,Less-bitter,Beta,8
OUT556,B,Medium,3,Non-Bitter,Less-bitter,Beta,14
OUT557,B,Medium,3,Bitter,More-Bitter,Beta,14
OUT558,B,Medium,4,Bitter,More-Bitter,Beta,11
OUT559,B,Medium,4,Bitter,More-Bitter,Beta,7
OUT560,B,Medium,4,Bitter,Less-bitter,Beta,4
OUT561,B,Small,3,Bitter,Less-bitter,Beta,14
OUT562,B,Medium,3,Bitter,More-Bitter,Beta,13
OUT563,B,Medium,4,Bitter,More-Bitter,Beta,14
OUT564,B,Medium,4,Bitter,More-Bitter,Beta,14
OUT565,B,Medium,4,Bitter,More-Bitter,Beta,13
OUT566,B,Medium,5,Bitter,More-Bitter,Beta,5
OUT567,B,Medium,5,Bitter,More-Bitter,Beta,13
OUT568,B,Medium,5,Bitter,More-Bitter,Beta,14
OUT569,B,Medium,7,Bitter,More-Bitter,Beta,9
OUT570,B,Medium,7,Bitter,More-Bitter,Beta,7
OUT571,B,Medium,8,Non-Bitter,More-Bitter,Beta,4
OUT572,B,Medium,8,Non-Bitter,More-Bitter,Beta,6
OUT573,B,Large,10,Bitter,More-Bitter,Beta,6
OUT574,B,Large,11,Bitter,More-Bitter,Beta,7
OUT575,B,Large,11,Bitter,More-Bitter,Beta,9
OUT576,B,Large,11,Bitter,More-Bitter,Beta,6
OUT577,B,Large,11,Bitter,More-Bitter,Beta,9
OUT578,B,Large,11,Bitter,Less-bitter,Beta,4
OUT579,B,Small,1,Non-Bitter,Less-bitter,Beta,5
OUT580,B,Medium,2,Bitter,Less-bitter,Beta,8
OUT581,B,Medium,3,Bitter,More-Bitter,Beta,6
OUT582,B,Medium,4,Bitter,More-Bitter,Beta,10
OUT583,B,Medium,4,Bitter,Less-bitter,Beta,10
OUT584,B,Small,1,Bitter,More-Bitter,Alphas2,4
OUT585,B,Medium,2,Bitter,More-Bitter,Alphas2,9
OUT586,B,Medium,2,Bitter,More-Bitter,Alphas2,5
OUT587,B,Medium,2,Bitter,More-Bitter,Alphas2,9
OUT588,B,Medium,4,Bitter,Less-bitter,Alphas2,5
OUT589,NB,Small,1,Non-Bitter,Less-bitter,Alphas2,4
OUT590,NB,Small,1,Non-Bitter,Less-bitter,Alphas2,6
OUT591,B,Medium,2,Non-Bitter,More-Bitter,Kappa,8
OUT592,B,Medium,5,Bitter,More-Bitter,Beta,9
OUT593,B,Medium,5,Bitter,Less-bitter,Beta,7
OUT594,NB,Small,0,Non-Bitter,Less-bitter,Alphas1,4
OUT595,NB,Medium,0,Non-Bitter,Less-bitter,Alphas2,7
OUT596,NB,Medium,0,Non-Bitter,Less-bitter,Alphas2,6
OUT597,NB,Medium,0,Non-Bitter,Less-bitter,Alphas2,4
OUT598,B,Medium,4,Non-Bitter,Less-bitter,Beta,7
OUT599,B,Medium,4,Non-Bitter,Less-bitter,Beta,12
OUT600,B,Medium,4,Non-Bitter,Less-bitter,Beta,9
OUT601,B,Medium,4,Non-Bitter,More-Bitter,Beta,4
OUT602,B,Medium,6,Non-Bitter,More-Bitter,Beta,7
OUT603,B,Medium,6,Non-Bitter,More-Bitter,Beta,8
OUT604,B,Medium,6,Non-Bitter,More-Bitter,Beta,4
OUT605,B,Medium,6,Non-Bitter,Less-bitter,Beta,4
OUT606,B,Medium,2,Non-Bitter,Less-bitter,Alphas2,14
OUT607,B,Medium,2,Non-Bitter,More-Bitter,Alphas2,9
OUT608,B,Medium,2,Non-Bitter,Less-bitter,Alphas2,5
OUT609,B,Medium,2,Non-Bitter,Less-bitter,Alphas2,4
OUT610,B,Medium,2,Non-Bitter,More-Bitter,Alphas2,10
OUT611,B,Medium,2,Non-Bitter,More-Bitter,Alphas2,5
OUT612,B,Small,2,Bitter,More-Bitter,Beta,14
OUT613,B,Small,3,Bitter,Less-bitter,Beta,14
OUT614,B,Small,3,Bitter,Less-bitter,Beta,14
OUT615,B,Small,3,Bitter,Less-bitter,Beta,14
OUT616,B,Small,3,Bitter,Less-bitter,Beta,14
OUT617,B,Medium,3,Bitter,More-Bitter,Beta,10
OUT618,B,Medium,4,Bitter,More-Bitter,Beta,14
OUT619,B,Medium,4,Bitter,More-Bitter,Beta,12
OUT620,B,Medium,4,Bitter,More-Bitter,Beta,13
OUT621,B,Medium,4,Bitter,More-Bitter,Beta,14
OUT622,B,Medium,4,Bitter,More-Bitter,Beta,10
OUT623,B,Medium,4,Bitter,More-Bitter,Beta,12
OUT624,B,Medium,4,Bitter,More-Bitter,Beta,9
OUT625,B,Medium,4,Bitter,More-Bitter,Beta,7
OUT626,B,Medium,4,Bitter,Less-bitter,Beta,10
OUT627,B,Small,1,Bitter,Less-bitter,Beta,14
OUT628,B,Small,2,Bitter,Less-bitter,Alphas2,8
OUT629,B,Small,2,Bitter,Less-bitter,Alphas2,14
OUT630,NB,Medium,2,Bitter,Less-bitter,Alphas2,6
OUT631,NB,Medium,0,Non-Bitter,Less-bitter,Other,9
OUT632,NB,Small,0,Bitter,Less-bitter,Alphas1,14
OUT633,B,Small,0,Bitter,Less-bitter,Alphas2,11
OUT634,B,Small,2,Non-Bitter,Less-bitter,Beta,7
OUT635,B,Small,3,Non-Bitter,Less-bitter,Beta,14
OUT636,B,Medium,3,Non-Bitter,More-Bitter,Beta,14
OUT637,B,Medium,5,Non-Bitter,More-Bitter,Beta,12
OUT638,B,Medium,5,Bitter,More-Bitter,Beta,8
OUT639,B,Medium,5,Bitter,More-Bitter,Beta,4
OUT640,B,Medium,6,Bitter,More-Bitter,Beta,9
OUT641,B,Medium,6,Bitter,More-Bitter,Beta,6
OUT642,B,Medium,6,Bitter,Less-bitter,Beta,7
OUT643,B,Small,2,Non-Bitter,Less-bitter,Beta,14
OUT644,B,Small,2,Non-Bitter,Less-bitter,Beta,14
OUT645,B,Medium,2,Non-Bitter,Less-bitter,Beta,8
OUT646,B,Medium,2,Non-Bitter,Less-bitter,Beta,7
OUT647,B,Medium,2,Non-Bitter,More-Bitter,Beta,5
OUT648,B,Large,8,Non-Bitter,Less-bitter,Beta,5
OUT649,NB,Medium,1,Non-Bitter,Less-bitter,Alphas2,8
OUT650,NB,Medium,1,Non-Bitter,Less-bitter,Alphas2,4
OUT651,B,Small,2,Non-Bitter,Less-bitter,Other,14
OUT652,I,Small,1,Non-Bitter,Less-bitter,Alphas2,10
OUT653,NB,Medium,1,Non-Bitter,Less-bitter,Alphas2,11
OUT654,NB,Medium,1,Non-Bitter,Less-bitter,Alphas2,10
OUT655,B,Medium,2,Non-Bitter,Less-bitter,Kappa,7
OUT656,NB,Medium,0,Bitter,Less-bitter,Alphas2,9
OUT657,I,Medium,0,Non-Bitter,Less-bitter,Alphas2,5
OUT658,NB,Medium,1,Bitter,Less-bitter,Alphas1,13
OUT659,NB,Medium,0,Non-Bitter,Less-bitter,Alphas2,10
OUT660,B,Medium,3,Non-Bitter,Less-bitter,Beta,12
OUT661,B,Medium,3,Non-Bitter,Less-bitter,Beta,12
OUT662,I,Medium,4,Non-Bitter,More-Bitter,Beta,11
OUT663,B,Medium,6,Non-Bitter,More-Bitter,Beta,5
OUT664,B,Medium,7,Non-Bitter,More-Bitter,Beta,7
OUT665,B,Medium,7,Non-Bitter,More-Bitter,Beta,6
OUT666,B,Medium,7,Non-Bitter,More-Bitter,Beta,10
OUT667,B,Medium,7,Non-Bitter,Less-bitter,Beta,4
OUT668,NB,Small,1,Bitter,Less-bitter,Beta,14
OUT669,NB,Medium,1,Bitter,Less-bitter,Beta,7
OUT670,I,Medium,1,Non-Bitter,Less-bitter,Kappa,10
OUT671,B,Medium,1,Non-Bitter,Less-bitter,Kappa,4
OUT672,B,Small,1,Bitter,Less-bitter,Alphas1,8
OUT673,B,Small,2,Bitter,Less-bitter,Alphas1,9
OUT674,B,Medium,2,Bitter,Less-bitter,Alphas1,8
OUT675,B,Medium,2,Bitter,Less-bitter,Alphas1,13
OUT676,B,Small,4,Bitter,Less-bitter,Beta,13
OUT677,B,Medium,5,Bitter,Less-bitter,Beta,7
OUT678,B,Small,3,Bitter,Less-bitter,Beta,13
OUT679,B,Small,3,Bitter,Less-bitter,Beta,9
OUT680,B,Medium,4,Bitter,More-Bitter,Beta,13
OUT681,B,Medium,4,Bitter,Less-bitter,Beta,14
OUT682,B,Small,3,Bitter,Less-bitter,Beta,14
OUT683,B,Small,2,Non-Bitter,Less-bitter,Other,10
OUT684,B,Small,2,Bitter,Less-bitter,Alphas1,4
OUT685,B,Small,2,Non-Bitter,Less-bitter,Alphas2,12
OUT686,B,Small,3,Bitter,Less-bitter,Beta,9
OUT687,NB,Small,2,Non-Bitter,Less-bitter,Alphas1,4
OUT688,B,Small,4,Bitter,Less-bitter,Other,4
OUT689,B,Small,3,Bitter,Less-bitter,Beta,14
OUT690,B,Small,3,Bitter,More-Bitter,Beta,14
OUT691,B,Medium,3,Non-Bitter,Less-bitter,Kappa,9
OUT692,B,Small,3,Bitter,Less-bitter,Other,11
OUT693,B,Small,3,Non-Bitter,Less-bitter,Beta,4
OUT694,B,Small,1,Non-Bitter,Less-bitter,Alphas2,7
OUT695,B,Small,1,Non-Bitter,Less-bitter,Alphas1,14
OUT696,I,Small,1,Non-Bitter,Less-bitter,Alphas1,10
OUT697,B,Small,1,Non-Bitter,Less-bitter,Alphas1,4
OUT698,B,Small,2,Bitter,Less-bitter,Beta,8
OUT699,B,Medium,3,Bitter,Less-bitter,Beta,9
OUT700,B,Medium,4,Bitter,Less-bitter,Beta,13
OUT701,B,Medium,4,Bitter,Less-bitter,Beta,8
OUT702,B,Medium,3,Bitter,Less-bitter,Beta,9
OUT703,B,Small,3,Bitter,Less-bitter,Beta,12
OUT704,B,Small,3,Bitter,Less-bitter,Beta,6
OUT705,B,Medium,4,Bitter,Less-bitter,Beta,11
OUT706,B,Medium,4,Bitter,Less-bitter,Beta,14
OUT707,B,Small,1,Non-Bitter,Less-bitter,Alphas2,9
OUT708,B,Small,2,Non-Bitter,Less-bitter,Alphas2,13
OUT709,B,Small,2,Non-Bitter,Less-bitter,Alphas2,4
OUT710,NB,Medium,0,Non-Bitter,Less-bitter,Alphas1,11
OUT711,B,Small,1,Bitter,Less-bitter,Beta,13
OUT712,I,Small,2,Bitter,Less-bitter,Beta,14
OUT713,I,Small,2,Bitter,Less-bitter,Beta,13
OUT714,I,Medium,3,Bitter,Less-bitter,Beta,12
OUT715,B,Medium,3,Bitter,Less-bitter,Beta,14
OUT716,B,Medium,4,Bitter,More-Bitter,Beta,12
OUT717,B,Medium,4,Bitter,More-Bitter,Beta,12
OUT718,B,Medium,4,Bitter,More-Bitter,Beta,10
OUT719,B,Medium,4,Bitter,Less-bitter,Beta,10
OUT720,NB,Small,1,Non-Bitter,Less-bitter,Alphas1,4
OUT721,NB,Small,1,Non-Bitter,Less-bitter,Alphas1,12
OUT722,NB,Small,1,Non-Bitter,Less-bitter,Alphas1,6
OUT723,NB,Small,1,Non-Bitter,Less-bitter,Alphas1,4
OUT724,B,Medium,2,Bitter,Less-bitter,Alphas2,14
OUT725,B,Medium,2,Bitter,Less-bitter,Alphas2,13
OUT726,B,Medium,2,Bitter,More-Bitter,Alphas2,13
OUT727,I,Medium,2,Bitter,More-Bitter,Alphas2,13
OUT728,I,Medium,2,Bitter,More-Bitter,Alphas2,9
OUT729,NB,Medium,2,Bitter,Less-bitter,Alphas2,6
OUT730,B,Medium,2,Non-Bitter,Less-bitter,Alphas2,4
OUT731,B,Medium,2,Non-Bitter,Less-bitter,Alphas2,6
OUT732,NB,Medium,1,Non-Bitter,Less-bitter,Alphas1,13
OUT733,NB,Medium,1,Non-Bitter,Less-bitter,Alphas1,10
OUT734,NB,Medium,1,Non-Bitter,Less-bitter,Alphas1,6
OUT735,NB,Medium,1,Non-Bitter,Less-bitter,Alphas1,9
OUT736,B,Small,1,Non-Bitter,Less-bitter,Alphas2,14
OUT737,B,Medium,1,Non-Bitter,Less-bitter,Alphas2,6
OUT738,NB,Small,0,Non-Bitter,Less-bitter,Alphas1,4
OUT739,NB,Medium,1,Bitter,Less-bitter,Alphas1,9
OUT740,B,Small,1,Bitter,Less-bitter,Alphas1,9
OUT741,I,Medium,3,Non-Bitter,More-Bitter,Beta,6
OUT742,B,Medium,6,Bitter,More-Bitter,Beta,8
OUT743,B,Medium,6,Bitter,Less-bitter,Beta,4
OUT744,B,Small,2,Non-Bitter,Less-bitter,Other,14
OUT745,B,Medium,4,Non-Bitter,Less-bitter,Beta,14
OUT746,B,Medium,4,Non-Bitter,Less-bitter,Beta,14
OUT747,B,Medium,4,Non-Bitter,Less-bitter,Beta,5
OUT748,B,Medium,5,Non-Bitter,Less-bitter,Beta,10
OUT749,NB,Medium,3,Non-Bitter,Less-bitter,Other,4
OUT750,NB,Medium,0,Non-Bitter,Less-bitter,Beta,8
OUT751,NB,Medium,1,Non-Bitter,Less-bitter,Beta,7
OUT752,NB,Medium,1,Bitter,More-Bitter,Beta,12
OUT753,NB,Medium,1,Bitter,More-Bitter,Beta,6
OUT754,NB,Medium,1,Bitter,Less-bitter,Beta,5
OUT755,NB,Medium,1,Bitter,Less-bitter,Beta,6
OUT756,NB,Medium,1,Bitter,Less-bitter,Beta,11
OUT757,I,Small,2,Non-Bitter,Less-bitter,Beta,12
OUT758,NB,Medium,0,Bitter,More-Bitter,Beta,8
OUT759,B,Medium,4,Bitter,More-Bitter,Beta,13
OUT760,B,Medium,4,Bitter,More-Bitter,Beta,9
OUT761,B,Medium,5,Bitter,More-Bitter,Beta,8
OUT762,B,Medium,5,Bitter,More-Bitter,Beta,7
OUT763,I,Medium,6,Non-Bitter,Less-bitter,Beta,5
OUT764,NB,Medium,1,Bitter,Less-bitter,Beta,13
OUT765,NB,Medium,1,Bitter,Less-bitter,Beta,4
OUT766,B,Small,3,Non-Bitter,Less-bitter,Beta,14
OUT767,B,Small,3,Bitter,Less-bitter,Beta,14
OUT768,B,Medium,3,Bitter,Less-bitter,Beta,14
OUT769,B,Medium,3,Bitter,Less-bitter,Beta,9
OUT770,B,Medium,4,Bitter,Less-bitter,Beta,13
OUT771,B,Medium,4,Bitter,More-Bitter,Beta,14
OUT772,B,Medium,4,Bitter,More-Bitter,Beta,6
OUT773,B,Medium,4,Bitter,More-Bitter,Beta,13
OUT774,B,Medium,4,Bitter,More-Bitter,Beta,9
OUT775,B,Medium,4,Bitter,More-Bitter,Beta,11
OUT776,B,Medium,4,Bitter,More-Bitter,Beta,7
OUT777,B,Medium,4,Bitter,More-Bitter,Beta,6
OUT778,B,Medium,4,Bitter,More-Bitter,Beta,4
OUT779,B,Medium,4,Bitter,More-Bitter,Beta,9
OUT780,B,Medium,4,Bitter,More-Bitter,Beta,4
OUT781,I,Medium,4,Bitter,More-Bitter,Beta,7
OUT782,I,Medium,4,Bitter,More-Bitter,Beta,5
OUT783,B,Medium,4,Bitter,More-Bitter,Beta,7
OUT784,B,Medium,5,Bitter,More-Bitter,Beta,5
OUT785,B,Medium,5,Bitter,Less-bitter,Beta,7
OUT786,NB,Small,1,Bitter,Less-bitter,Beta,14
OUT787,B,Small,1,Bitter,Less-bitter,Beta,10
OUT788,B,Small,1,Bitter,Less-bitter,Beta,4
OUT789,B,Medium,1,Bitter,Less-bitter,Beta,4
OUT790,B,Medium,1,Bitter,Less-bitter,Beta,4
OUT791,B,Medium,1,Bitter,Less-bitter,Beta,6
OUT792,NB,Small,0,Bitter,Less-bitter,Beta,4
OUT793,NB,Medium,1,Bitter,Less-bitter,Beta,8
OUT794,NB,Medium,1,Bitter,Less-bitter,Beta,8
OUT795,NB,Medium,1,Bitter,Less-bitter,Beta,5
OUT796,NB,Medium,0,Bitter,Less-bitter,Alphas2,7
OUT797,NB,Medium,0,Bitter,Less-bitter,Alphas2,11
OUT798,NB,Small,2,Non-Bitter,Less-bitter,Kappa,11
OUT799,B,Small,2,Non-Bitter,Less-bitter,Kappa,14
OUT800,B,Small,0,Non-Bitter,Less-bitter,Beta,12
OUT801,B,Medium,0,Non-Bitter,Less-bitter,Beta,14
OUT802,B,Medium,0,Non-Bitter,Less-bitter,Beta,13
OUT803,B,Small,0,Non-Bitter,Less-bitter,Other,4
OUT804,I,Small,2,Bitter,Less-bitter,Alphas2,4
OUT805,B,Medium,2,Bitter,Less-bitter,Alphas2,4
OUT806,I,Medium,2,Bitter,Less-bitter,Alphas2,9
OUT807,B,Small,2,Bitter,Less-bitter,Alphas1,14
OUT808,B,Medium,2,Bitter,Less-bitter,Alphas1,14
OUT809,B,Medium,2,Bitter,Less-bitter,Alphas1,14
OUT810,NB,Medium,2,Bitter,Less-bitter,Alphas1,14
OUT811,B,Medium,3,Bitter,Less-bitter,Alphas1,11
OUT812,I,Medium,3,Bitter,Less-bitter,Alphas1,14
OUT813,I,Medium,3,Bitter,More-Bitter,Alphas1,14
OUT814,I,Medium,3,Bitter,More-Bitter,Alphas1,5
OUT815,B,Medium,3,Bitter,More-Bitter,Alphas1,5
OUT816,I,Medium,3,Bitter,More-Bitter,Alphas1,4
OUT817,NB,Medium,3,Bitter,Less-bitter,Alphas1,4
OUT818,B,Small,0,Bitter,Less-bitter,Alphas1,4
OUT819,NB,Medium,3,Non-Bitter,Less-bitter,Other,6
OUT820,B,Medium,0,Bitter,Less-bitter,Alphas1,4
OUT821,B,Small,1,Non-Bitter,Less-bitter,Kappa,4
OUT822,NB,Small,0,Non-Bitter,Less-bitter,Alphas1,5
OUT823,NB,Small,0,Non-Bitter,Less-bitter,Alphas1,13
OUT824,NB,Medium,0,Non-Bitter,Less-bitter,Alphas1,7
OUT825,NB,Medium,0,Non-Bitter,Less-bitter,Alphas1,12
OUT826,NB,Medium,0,Non-Bitter,Less-bitter,Alphas1,4
OUT827,B,Small,2,Non-Bitter,Less-bitter,Alphas1,14
OUT828,NB,Medium,2,Non-Bitter,Less-bitter,Alphas1,14
OUT829,NB,Medium,2,Non-Bitter,Less-bitter,Alphas1,14
OUT830,NB,Medium,2,Non-Bitter,Less-bitter,Alphas1,14
OUT831,NB,Medium,2,Non-Bitter,Less-bitter,Alphas1,11
OUT832,NB,Medium,2,Non-Bitter,More-Bitter,Alphas1,5
OUT833,NB,Medium,3,Non-Bitter,More-Bitter,Alphas1,11
OUT834,NB,Medium,3,Non-Bitter,Less-bitter,Alphas1,11
OUT835,NB,Medium,0,Bitter,Less-bitter,Other,8
OUT836,B,Medium,1,Non-Bitter,Less-bitter,Kappa,9
OUT837,B,Medium,1,Non-Bitter,More-Bitter,Kappa,13
OUT838,NB,Medium,1,Bitter,More-Bitter,Beta,4
OUT839,NB,Medium,1,Bitter,More-Bitter,Beta,4
OUT840,NB,Medium,1,Bitter,Less-bitter,Beta,5
OUT841,NB,Small,1,Bitter,Less-bitter,Alphas1,6
OUT842,I,Small,0,Non-Bitter,Less-bitter,Alphas1,12
OUT843,NB,Medium,0,Bitter,Less-bitter,Alphas2,4
OUT844,NB,Medium,0,Bitter,Less-bitter,Alphas2,14
OUT845,NB,Medium,1,Bitter,Less-bitter,Alphas1,10
OUT846,NB,Small,0,Non-Bitter,More-Bitter,Beta,8
OUT847,NB,Large,0,Non-Bitter,Less-bitter,Beta,6
OUT848,NB,Medium,0,Non-Bitter,Less-bitter,Alphas1,11
OUT849,NB,Medium,0,Non-Bitter,Less-bitter,Alphas1,10
OUT850,NB,Medium,0,Non-Bitter,Less-bitter,Alphas1,4
OUT851,NB,Medium,0,Non-Bitter,Less-bitter,Alphas1,11
OUT852,NB,Medium,0,Non-Bitter,Less-bitter,Alphas1,9
OUT853,NB,Medium,0,Non-Bitter,More-Bitter,Alphas1,9
OUT854,NB,Medium,0,Non-Bitter,Less-bitter,Alphas1,7
OUT855,NB,Medium,0,Non-Bitter,Less-bitter,Alphas2,11
OUT856,B,Small,2,Non-Bitter,More-Bitter,Beta,11
OUT857,B,Small,2,Non-Bitter,Less-bitter,Beta,12
OUT858,B,Medium,4,Non-Bitter,More-Bitter,Beta,7
OUT859,B,Medium,5,Non-Bitter,Less-bitter,Beta,5
OUT860,B,Small,3,Non-Bitter,Less-bitter,Beta,14
OUT861,B,Medium,3,Non-Bitter,Less-bitter,Beta,11
OUT862,B,Medium,4,Non-Bitter,More-Bitter,Beta,13
OUT863,B,Medium,6,Non-Bitter,More-Bitter,Beta,10
OUT864,B,Medium,7,Non-Bitter,More-Bitter,Beta,5
OUT865,B,Medium,7,Non-Bitter,More-Bitter,Beta,7
OUT866,B,Medium,7,Non-Bitter,More-Bitter,Beta,6
OUT867,B,Medium,7,Non-Bitter,More-Bitter,Beta,9
OUT868,B,Medium,7,Non-Bitter,More-Bitter,Beta,8
OUT869,B,Medium,7,Non-Bitter,More-Bitter,Beta,9
OUT870,B,Medium,7,Non-Bitter,More-Bitter,Beta,7
OUT871,B,Large,7,Non-Bitter,Less-bitter,Beta,5
OUT872,NB,Small,1,Non-Bitter,Less-bitter,Beta,5
OUT873,NB,Medium,2,Non-Bitter,Less-bitter,Beta,11
OUT874,NB,Medium,2,Non-Bitter,More-Bitter,Beta,10
OUT875,B,Medium,4,Non-Bitter,More-Bitter,Beta,6
OUT876,B,Large,5,Non-Bitter,More-Bitter,Beta,4
OUT877,B,Large,5,Non-Bitter,More-Bitter,Beta,6
OUT878,B,Large,5,Non-Bitter,Less-bitter,Beta,5
OUT879,NB,Medium,0,Bitter,More-Bitter,Beta,12
OUT880,B,Medium,2,Non-Bitter,More-Bitter,Beta,8
OUT881,B,Medium,4,Bitter,More-Bitter,Beta,14
OUT882,B,Medium,4,Bitter,More-Bitter,Beta,13
OUT883,B,Medium,5,Bitter,More-Bitter,Beta,6
OUT884,B,Medium,5,Bitter,More-Bitter,Beta,7
OUT885,B,Medium,5,Bitter,More-Bitter,Beta,10
OUT886,B,Medium,7,Bitter,More-Bitter,Beta,7
OUT887,B,Medium,7,Bitter,More-Bitter,Beta,7
OUT888,B,Medium,8,Non-Bitter,More-Bitter,Beta,8
OUT889,B,Large,11,Bitter,More-Bitter,Beta,7
OUT890,B,Large,11,Bitter,Less-bitter,Beta,7
OUT891,NB,Small,1,Non-Bitter,Less-bitter,Kappa,9
OUT892,B,Small,2,Non-Bitter,Less-bitter,Other,14
OUT893,B,Medium,2,Non-Bitter,Less-bitter,Other,8
OUT894,NB,Medium,2,Non-Bitter,Less-bitter,Beta,14
OUT895,NB,Medium,2,Non-Bitter,More-Bitter,Beta,11
OUT896,B,Medium,4,Non-Bitter,More-Bitter,Beta,9
OUT897,B,Medium,5,Non-Bitter,Less-bitter,Beta,4
OUT898,NB,Medium,0,Non-Bitter,More-Bitter,Beta,4
OUT899,NB,Medium,2,Non-Bitter,More-Bitter,Beta,8
OUT900,I,Medium,2,Non-Bitter,Less-bitter,Beta,4
OUT901,B,Small,1,Non-Bitter,Less-bitter,Kappa,4
OUT902,NB,Medium,1,Non-Bitter,Less-bitter,Kappa,5
OUT903,NB,Medium,0,Non-Bitter,Less-bitter,Alphas2,4
OUT904,NB,Medium,0,Bitter,Less-bitter,Alphas1,13
OUT905,NB,Medium,0,Bitter,Less-bitter,Alphas1,5
OUT906,NB,Medium,1,Bitter,Less-bitter,Alphas1,8
OUT907,NB,Medium,1,Bitter,More-Bitter,Alphas1,4
OUT908,NB,Medium,1,Bitter,Less-bitter,Alphas1,6
OUT909,NB,Small,0,Non-Bitter,Less-bitter,Beta,11
OUT910,NB,Small,0,Non-Bitter,Less-bitter,Beta,6
OUT911,NB,Medium,2,Non-Bitter,Less-bitter,Beta,6
OUT912,B,Medium,4,Non-Bitter,Less-bitter,Beta,12
OUT913,B,Medium,4,Non-Bitter,More-Bitter,Beta,7
OUT914,B,Medium,4,Non-Bitter,More-Bitter,Beta,6
OUT915,B,Medium,4,Non-Bitter,More-Bitter,Beta,4
OUT916,B,Medium,6,Non-Bitter,More-Bitter,Beta,7
OUT917,B,Medium,6,Non-Bitter,More-Bitter,Beta,10
OUT918,B,Medium,6,Non-Bitter,More-Bitter,Beta,6
OUT919,B,Medium,6,Non-Bitter,Less-bitter,Beta,6
OUT920,NB,Medium,3,Non-Bitter,Less-bitter,Alphas1,9
OUT921,NB,Medium,3,Non-Bitter,Less-bitter,Alphas1,6
OUT922,NB,Medium,1,Non-Bitter,Less-bitter,Beta,11
OUT923,I,Medium,1,Non-Bitter,Less-bitter,Beta,12
OUT924,B,Medium,2,Non-Bitter,Less-bitter,Beta,14
OUT925,B,Medium,2,Non-Bitter,More-Bitter,Beta,13
OUT926,B,Medium,2,Non-Bitter,More-Bitter,Beta,8
OUT927,I,Medium,2,Non-Bitter,Less-bitter,Beta,5
OUT928,NB,Medium,1,Bitter,Less-bitter,Beta,9
OUT929,NB,Medium,1,Bitter,Less-bitter,Beta,14
OUT930,NB,Medium,1,Bitter,Less-bitter,Beta,5
OUT931,NB,Medium,0,Non-Bitter,Less-bitter,Alphas2,8
OUT932,NB,Medium,0,Non-Bitter,Less-bitter,Beta,7
OUT933,NB,Medium,0,Non-Bitter,Less-bitter,Beta,8
OUT934,NB,Medium,0,Non-Bitter,More-Bitter,Beta,7
OUT935,NB,Medium,2,Non-Bitter,Less-bitter,Beta,4
OUT936,NB,Medium,2,Non-Bitter,Less-bitter,Kappa,8
OUT937,NB,Medium,0,Non-Bitter,Less-bitter,Alphas2,12
OUT938,NB,Medium,0,Bitter,Less-bitter,Alphas2,4
OUT939,NB,Medium,0,Bitter,Less-bitter,Alphas2,11
OUT940,NB,Medium,0,Non-Bitter,Less-bitter,Alphas2,11
OUT941,B,Small,1,Bitter,Less-bitter,Alphas2,9
OUT942,B,Medium,1,Bitter,Less-bitter,Alphas2,4
OUT943,NB,Small,0,Bitter,Less-bitter,Beta,6
OUT944,NB,Medium,0,Bitter,Less-bitter,Beta,9
OUT945,NB,Medium,1,Non-Bitter,Less-bitter,Beta,10
OUT946,I,Medium,1,Non-Bitter,Less-bitter,Beta,9
OUT947,B,Medium,2,Non-Bitter,More-Bitter,Beta,12
OUT948,B,Medium,2,Non-Bitter,More-Bitter,Beta,8
OUT949,B,Medium,2,Non-Bitter,More-Bitter,Beta,8
OUT950,B,Medium,2,Non-Bitter,Less-bitter,Beta,9
OUT951,NB,Medium,2,Bitter,Less-bitter,Other,11
OUT952,B,Small,3,Bitter,Less-bitter,Beta,14
OUT953,B,Small,3,Bitter,Less-bitter,Beta,14
OUT954,B,Medium,3,Bitter,Less-bitter,Beta,13
OUT955,B,Medium,4,Bitter,Less-bitter,Beta,14
OUT956,B,Medium,4,Bitter,More-Bitter,Beta,14
OUT957,B,Medium,4,Bitter,More-Bitter,Beta,4
OUT958,B,Medium,4,Bitter,More-Bitter,Beta,13
OUT959,B,Medium,4,Bitter,More-Bitter,Beta,14
OUT960,B,Medium,4,Bitter,More-Bitter,Beta,6
OUT961,B,Medium,4,Bitter,More-Bitter,Beta,7
OUT962,B,Medium,4,Bitter,More-Bitter,Beta,8
OUT963,B,Medium,5,Bitter,Less-bitter,Beta,5
OUT964,B,Small,3,Non-Bitter,Less-bitter,Beta,14
OUT965,B,Medium,3,Bitter,Less-bitter,Beta,14
OUT966,B,Medium,3,Bitter,Less-bitter,Beta,14
OUT967,B,Medium,4,Bitter,More-Bitter,Beta,14
OUT968,B,Medium,4,Bitter,More-Bitter,Beta,14
OUT969,B,Medium,4,Bitter,More-Bitter,Beta,5
OUT970,B,Medium,4,Bitter,Less-bitter,Beta,10
OUT971,B,Small,2,Bitter,Less-bitter,Other,10
OUT972,B,Medium,2,Bitter,Less-bitter,Other,5
OUT973,B,Medium,2,Bitter,Less-bitter,Other,4
OUT974,B,Small,2,Bitter,Less-bitter,Alphas1,14
OUT975,B,Small,2,Bitter,Less-bitter,Alphas1,12
OUT976,B,Small,2,Bitter,Less-bitter,Alphas1,14
OUT977,B,Medium,2,Bitter,Less-bitter,Alphas1,14
OUT978,B,Medium,2,Bitter,Less-bitter,Alphas1,14
OUT979,B,Medium,2,Bitter,Less-bitter,Alphas1,14
OUT980,B,Medium,2,Bitter,Less-bitter,Alphas1,10
OUT981,B,Medium,2,Bitter,More-Bitter,Alphas1,8
OUT982,I,Medium,2,Bitter,More-Bitter,Alphas1,12
OUT983,B,Medium,2,Bitter,More-Bitter,Alphas1,13
OUT984,I,Medium,2,Bitter,Less-bitter,Alphas1,8
OUT985,NB,Small,0,Non-Bitter,More-Bitter,Alphas2,6
OUT986,B,Medium,2,Bitter,Less-bitter,Other,4
OUT987,B,Medium,2,Bitter,Less-bitter,Other,5
OUT988,B,Medium,2,Non-Bitter,Less-bitter,Beta,12
OUT989,B,Medium,2,Non-Bitter,Less-bitter,Beta,13
OUT990,NB,Small,0,Bitter,Less-bitter,Alphas1,9
OUT991,NB,Small,0,Bitter,Less-bitter,Alphas1,4
OUT992,NB,Medium,0,Bitter,Less-bitter,Alphas1,14
OUT993,NB,Medium,0,Bitter,Less-bitter,Alphas1,5
OUT994,B,Small,2,Non-Bitter,Less-bitter,Kappa,12
OUT995,B,Medium,0,Non-Bitter,Less-bitter,Alphas2,6
OUT996,NB,Medium,0,Non-Bitter,Less-bitter,Alphas2,13
OUT997,I,Medium,0,Non-Bitter,Less-bitter,Alphas2,6
OUT998,NB,Medium,0,Non-Bitter,Less-bitter,Alphas2,10
OUT999,B,Small,2,Bitter,Less-bitter,Beta,11
OUT1000,B,Small,2,Bitter,Less-bitter,Beta,13
OUT1001,B,Medium,3,Bitter,Less-bitter,Beta,11
OUT1002,B,Medium,3,Bitter,Less-bitter,Beta,11
OUT1003,B,Medium,3,Bitter,More-Bitter,Beta,8
OUT1004,B,Medium,3,Bitter,Less-bitter,Beta,4
OUT1005,NB,Small,0,Bitter,Less-bitter,Alphas1,6
OUT1006,B,Medium,0,Bitter,Less-bitter,Alphas1,9
OUT1007,B,Small,1,Non-Bitter,Less-bitter,Alphas2,14
OUT1008,B,Small,1,Non-Bitter,Less-bitter,Alphas2,11
OUT1009,B,Medium,1,Non-Bitter,Less-bitter,Alphas2,13
OUT1010,B,Medium,1,Non-Bitter,Less-bitter,Alphas2,14
OUT1011,NB,Medium,1,Non-Bitter,Less-bitter,Alphas2,11
OUT1012,B,Small,2,Non-Bitter,Less-bitter,Beta,14
OUT1013,B,Small,2,Non-Bitter,Less-bitter,Beta,6
OUT1014,B,Small,2,Non-Bitter,More-Bitter,Beta,4
OUT1015,B,Medium,4,Non-Bitter,More-Bitter,Beta,8
OUT1016,B,Medium,5,Non-Bitter,Less-bitter,Beta,6
OUT1017,NB,Small,0,Non-Bitter,Less-bitter,Beta,11
OUT1018,I,Medium,2,Non-Bitter,Less-bitter,Beta,6
OUT1019,I,Medium,2,Non-Bitter,More-Bitter,Beta,5
OUT1020,B,Medium,4,Non-Bitter,Less-bitter,Beta,4
OUT1021,B,Medium,0,Non-Bitter,Less-bitter,Other,4
OUT1022,B,Small,2,Bitter,Less-bitter,Beta,14
OUT1023,B,Medium,2,Bitter,Less-bitter,Beta,10
OUT1024,B,Medium,2,Bitter,Less-bitter,Beta,10
OUT1025,B,Medium,2,Bitter,Less-bitter,Beta,8
OUT1026,NB,Medium,0,Non-Bitter,Less-bitter,Beta,5
OUT1027,B,Small,1,Bitter,Less-bitter,Beta,14
OUT1028,B,Small,2,Bitter,Less-bitter,Alphas2,14
OUT1029,B,Medium,2,Bitter,Less-bitter,Alphas2,11
OUT1030,B,Medium,2,Bitter,Less-bitter,Alphas2,10
OUT1031,I,Medium,2,Bitter,Less-bitter,Alphas2,9
OUT1032,B,Small,1,Non-Bitter,Less-bitter,Alphas1,14
OUT1033,NB,Medium,2,Bitter,Less-bitter,Alphas1,11
OUT1034,NB,Medium,1,Non-Bitter,Less-bitter,Alphas1,8
OUT1035,NB,Medium,1,Non-Bitter,Less-bitter,Alphas1,11
OUT1036,B,Small,3,Bitter,Less-bitter,Beta,14
OUT1037,B,Small,3,Bitter,Less-bitter,Beta,14
OUT1038,B,Medium,2,Bitter,More-Bitter,Alphas1,11
OUT1039,NB,Medium,2,Bitter,More-Bitter,Alphas1,6
OUT1040,NB,Medium,2,Bitter,Less-bitter,Alphas1,8
OUT1041,B,Small,1,Non-Bitter,Less-bitter,Alphas1,14
OUT1042,I,Small,1,Non-Bitter,Less-bitter,Alphas1,13
OUT1043,B,Medium,1,Non-Bitter,Less-bitter,Alphas1,11
OUT1044,B,Medium,1,Bitter,Less-bitter,Alphas1,9
OUT1045,I,Medium,1,Bitter,Less-bitter,Alphas1,4
OUT1046,B,Medium,1,Bitter,Less-bitter,Alphas1,8
OUT1047,B,Medium,3,Non-Bitter,Less-bitter,Beta,14
OUT1048,B,Medium,3,Non-Bitter,Less-bitter,Beta,14
OUT1049,B,Medium,3,Non-Bitter,Less-bitter,Beta,12
OUT1050,B,Medium,3,Bitter,Less-bitter,Beta,8
OUT1051,B,Medium,3,Non-Bitter,More-Bitter,Beta,10
OUT1052,B,Medium,5,Bitter,Less-bitter,Beta,4
OUT1053,B,Medium,3,Bitter,Less-bitter,Beta,14
OUT1054,NB,Medium,0,Bitter,Less-bitter,Alphas2,5
OUT1055,B,Small,2,Bitter,Less-bitter,Beta,14
OUT1056,B,Small,2,Bitter,Less-bitter,Beta,14
OUT1057,B,Medium,3,Bitter,Less-bitter,Beta,14
OUT1058,B,Medium,3,Bitter,Less-bitter,Beta,10
OUT1059,B,Medium,3,Bitter,Less-bitter,Beta,5
OUT1060,B,Medium,3,Bitter,More-Bitter,Beta,14
OUT1061,B,Medium,3,Bitter,Less-bitter,Beta,7
OUT1062,B,Small,3,Bitter,Less-bitter,Beta,14
OUT1063,B,Small,4,Bitter,Less-bitter,Beta,14
OUT1064,B,Medium,4,Bitter,Less-bitter,Beta,14
OUT1065,B,Medium,4,Bitter,More-Bitter,Beta,14
OUT1066,B,Medium,5,Bitter,More-Bitter,Beta,9
OUT1067,B,Medium,5,Bitter,More-Bitter,Beta,13
OUT1068,B,Medium,5,Bitter,More-Bitter,Beta,12
OUT1069,B,Medium,7,Bitter,More-Bitter,Beta,8
OUT1070,B,Large,10,Bitter,More-Bitter,Beta,5
OUT1071,B,Medium,2,Non-Bitter,Less-bitter,Alphas2,10
OUT1072,B,Small,2,Bitter,Less-bitter,Other,4
OUT1073,B,Medium,2,Bitter,Less-bitter,Other,6
OUT1074,I,Medium,2,Non-Bitter,Less-bitter,Other,7
OUT1075,B,Medium,4,Non-Bitter,Less-bitter,Beta,4
OUT1076,B,Medium,4,Non-Bitter,More-Bitter,Beta,7
OUT1077,B,Medium,6,Non-Bitter,More-Bitter,Beta,9
OUT1078,B,Medium,6,Non-Bitter,More-Bitter,Beta,5
OUT1079,B,Medium,6,Non-Bitter,Less-bitter,Beta,6
OUT1080,NB,Medium,2,Non-Bitter,Less-bitter,Kappa,8
OUT1081,B,Medium,1,Non-Bitter,More-Bitter,Alphas1,4
OUT1082,B,Medium,1,Non-Bitter,Less-bitter,Alphas1,7
OUT1083,B,Small,1,Bitter,Less-bitter,Alphas1,14
OUT1084,B,Medium,2,Bitter,Less-bitter,Alphas1,10
OUT1085,B,Small,0,Bitter,Less-bitter,Alphas1,11
OUT1086,B,Medium,0,Bitter,Less-bitter,Alphas1,8
OUT1087,B,Small,0,Bitter,Less-bitter,Alphas1,10
OUT1088,B,Medium,0,Bitter,Less-bitter,Alphas1,7
OUT1089,B,Small,1,Non-Bitter,Less-bitter,Alphas1,11
OUT1090,B,Small,3,Bitter,Less-bitter,Beta,14
OUT1091,B,Small,3,Bitter,Less-bitter,Beta,14
OUT1092,B,Small,4,Bitter,Less-bitter,Beta,14
OUT1093,B,Medium,4,Bitter,Less-bitter,Beta,14
OUT1094,B,Medium,4,Bitter,Less-bitter,Beta,14
OUT1095,B,Medium,4,Bitter,More-Bitter,Beta,6
OUT1096,B,Medium,5,Bitter,More-Bitter,Beta,13
OUT1097,B,Medium,5,Bitter,Less-bitter,Beta,8
OUT1098,B,Small,4,Bitter,Less-bitter,Other,9
OUT1099,B,Small,2,Non-Bitter,Less-bitter,Beta,13
OUT1100,B,Small,1,Non-Bitter,Less-bitter,Alphas1,14
OUT1101,B,Small,1,Non-Bitter,Less-bitter,Kappa,12
OUT1102,B,Small,2,Bitter,Less-bitter,Beta,8
OUT1103,B,Small,2,Bitter,Less-bitter,Beta,10
OUT1104,B,Medium,2,Bitter,Less-bitter,Beta,10
OUT1105,NB,Medium,2,Non-Bitter,Less-bitter,Beta,9
OUT1106,NB,Medium,2,Non-Bitter,Less-bitter,Beta,4
OUT1107,B,Small,2,Bitter,Less-bitter,Beta,13
OUT1108,B,Medium,2,Bitter,Less-bitter,Beta,8
OUT1109,B,Medium,2,Bitter,Less-bitter,Beta,14
OUT1110,B,Medium,3,Bitter,Less-bitter,Beta,11
OUT1111,B,Medium,3,Bitter,More-Bitter,Beta,14
OUT1112,B,Medium,4,Bitter,More-Bitter,Beta,12
OUT1113,B,Medium,4,Bitter,More-Bitter,Beta,13
OUT1114,B,Medium,4,Bitter,More-Bitter,Beta,5
OUT1115,B,Medium,2,Bitter,More-Bitter,Alphas2,12
OUT1116,B,Medium,2,Bitter,More-Bitter,Alphas2,9
OUT1117,B,Medium,2,Bitter,More-Bitter,Alphas2,9
OUT1118,I,Medium,2,Bitter,More-Bitter,Alphas2,8
OUT1119,B,Medium,4,Bitter,More-Bitter,Alphas2,7
OUT1120,B,Medium,4,Bitter,Less-bitter,Alphas2,7
OUT1121,B,Small,1,Non-Bitter,Less-bitter,Alphas2,4
OUT1122,B,Small,1,Non-Bitter,Less-bitter,Alphas2,8
OUT1123,B,Small,1,Non-Bitter,Less-bitter,Alphas2,11
OUT1124,B,Medium,1,Non-Bitter,Less-bitter,Alphas2,4
OUT1125,B,Small,1,Non-Bitter,Less-bitter,Kappa,9
OUT1126,B,Small,1,Bitter,Less-bitter,Alphas1,7
OUT1127,B,Small,1,Bitter,Less-bitter,Alphas1,11
OUT1128,B,Medium,1,Non-Bitter,Less-bitter,Kappa,5
OUT1129,B,Small,1,Bitter,Less-bitter,Alphas1,6
OUT1130,B,Medium,1,Bitter,Less-bitter,Alphas1,9
